Order_ID,Client_Order_ID,Instrument,Side,Status,Quantity,Price,Reason,Transaction_Time
ord1,aa13,rose,1,New,100,55.00,-,2023-05-25 / 09:28:23.012
ord2,aa14,rose,1,New,100,65.00,-,2023-05-25 / 09:28:23.013
ord3,aa15,rose,2,PFill,100,65.00,-,2023-05-25 / 09:28:23.013
ord2,aa14,rose,1,Fill,100,65.00,-,2023-05-25 / 09:28:23.013
ord3,aa15,rose,2,PFill,100,55.00,-,2023-05-25 / 09:28:23.014
ord1,aa13,rose,1,Fill,100,55.00,-,2023-05-25 / 09:28:23.014
ord4,aa16,rose,1,Fill,100,1.00,-,2023-05-25 / 09:28:23.016
ord3,aa15,rose,2,Fill,100,1.00,-,2023-05-25 / 09:28:23.016
